                  epoch,             train/loss,  metrics/accuracy_top1,  metrics/accuracy_top5,               val/loss,                 lr/pg0,                 lr/pg1,                 lr/pg2
                      0,                 1.0528,                   0.01,                   0.04,                 1.7986,              4.284e-05,              4.284e-05,              4.284e-05
                      1,                 1.0273,                   0.01,                   0.06,                 1.7985,             9.1901e-05,             9.1901e-05,             9.1901e-05
                      2,                0.95441,                   0.03,                    0.1,                 1.7985,             0.00013997,             0.00013997,             0.00013997
                      3,                0.88997,                   0.02,                   0.12,                 1.7985,             0.00018705,             0.00018705,             0.00018705
                      4,                0.80424,                   0.06,                   0.15,                 1.7975,             0.00023315,             0.00023315,             0.00023315
                      5,                0.69414,                   0.03,                   0.19,                 1.7975,             0.00027825,             0.00027825,             0.00027825
                      6,                0.59358,                   0.03,                   0.23,                  1.797,             0.00032236,             0.00032236,             0.00032236
                      7,                0.45842,                   0.06,                   0.27,                 1.7974,             0.00036549,             0.00036549,             0.00036549
